StdIDE,DLC,Data
0x1,1,0
0x90,8,4f90857866a38946
0x191,8,dadeb2a8297da910
0x192,6,4eb03e93125
0x9B,8,19597717618afdb5
0x9A,8,5e7f1f9273899a42
0x191,8,1b6e1fec8af65f8e
0x1,1,5
0x90,8,f25f67313bfae29b
0x191,8,192f4e71a18f9fa6
0x192,6,3e4315f1e5db
0x9B,8,19597717618afdb5
0x9A,8,7cf9e593935a7198
0x191,8,0624d93393e8e62b
0x1,1,5
0x90,8,3ed477cc7d37a250
0x191,8,cd238132a5ed2411
0x192,6,1ef094d6fd6e
0x9B,8,19597717618afdb5
0x9A,8,3a20ce333128bedd
0x191,8,5d50948f29e1cd2d
0x1,1,5
0x90,8,4478c6cc2e75ee1f
0x191,8,e66eab44b63a1d83
0x192,6,d2836e39c78a
0x9B,8,19597717618afdb5
0x9A,8,902b1e58e27b74c0
0x191,8,bc483d62182fb671
0x1,1,5
0x90,8,f9936f4642671204
0x191,8,99b880bd379d3dbb
0x192,6,035c8cde6676
0x9B,8,19597717618afdb5
0x9A,8,9d8d667ed2ff5c5e
0x191,8,9757df2ef788de2f
0x1,1,5
0x90,8,decc094a580b9dda
0x191,8,7be6b33825200c21
0x192,6,bfb48e3da3a2
0x9B,8,19597717618afdb5
0x9A,8,bb365ee7f6d06f71
0x191,8,da07bf7adf514845
0x1,1,0
0x90,8,7dbb17eb0c45dea3
0x191,8,054cdec3b1ec507b
0x192,6,9ce21a93cdec
0x9B,8,19597717618afdb5
0x9A,8,a4890aa889c875cc
0x191,8,38151f9e2777e76f